{"0":-0.12929533421993256,"1":0.0644618570804596,"2":0.034782540053129196,"3":0.025748159736394882,"4":0.027447961270809174,"5":-0.12592150270938873,"6":0.029576102271676064,"7":-0.09727735817432404,"8":0.09207786619663239,"9":0.011561843566596508,"10":0.28820672631263733,"11":-0.04785021021962166,"12":-0.16735154390335083,"13":-0.14329099655151367,"14":0.05669315531849861,"15":0.10453364253044128,"16":-0.1586902141571045,"17":-0.10090328752994537,"18":-0.09516403079032898,"19":-0.024418866261839867,"20":0.173808753490448,"21":0.04364117234945297,"22":0.015484055504202843,"23":0.09732859581708908,"24":-0.19941259920597076,"25":-0.3865174651145935,"26":-0.07069872319698334,"27":-0.08529458940029144,"28":0.017707139253616333,"29":-0.07378001511096954,"30":0.019302058964967728,"31":0.01934230886399746,"32":-0.18355564773082733,"33":-0.03805868700146675,"34":0.04123075678944588,"35":0.15414541959762573,"36":-0.04872569814324379,"37":-0.0528097003698349,"38":0.1307079792022705,"39":0.04335746541619301,"40":-0.1906767338514328,"41":-0.06656823307275772,"42":0.023595785722136497,"43":0.3018215298652649,"44":0.1915723830461502,"45":0.057526275515556335,"46":0.059414979070425034,"47":-0.05588345229625702,"48":0.07005108892917633,"49":-0.19942012429237366,"50":0.06742125749588013,"51":0.10785812139511108,"52":0.15461155772209167,"53":0.046764302998781204,"54":0.1442272663116455,"55":-0.12236826121807098,"56":-0.005875077564269304,"57":0.10021467506885529,"58":-0.21367144584655762,"59":0.0233769528567791,"60":0.011650550179183483,"61":-0.030626364052295685,"62":0.04407834634184837,"63":-0.10172807425260544,"64":0.18595324456691742,"65":0.052983444184064865,"66":-0.12271753698587418,"67":-0.06624485552310944,"68":0.12201667577028275,"69":-0.17176921665668488,"70":-0.08387017250061035,"71":0.06668335199356079,"72":-0.07077264785766602,"73":-0.23365165293216705,"74":-0.3537155091762543,"75":-0.013850407674908638,"76":0.4135138690471649,"77":0.09799091517925262,"78":-0.21427369117736816,"79":0.02130134403705597,"80":-0.06701352447271347,"81":-0.03557905554771423,"82":0.11541375517845154,"83":0.031050413846969604,"84":-0.06184196472167969,"85":0.09973486512899399,"86":-0.17949502170085907,"87":0.016471410170197487,"88":0.20873673260211945,"89":0.0007780537707731128,"90":-0.010196508839726448,"91":0.23349454998970032,"92":-0.07019686698913574,"93":-0.0039644730277359486,"94":0.06583499163389206,"95":-0.019170645624399185,"96":-0.10876651853322983,"97":0.07695747911930084,"98":-0.05292047560214996,"99":-0.04854097589850426,"100":0.01665612682700157,"101":-0.1113867312669754,"102":0.03834710270166397,"103":0.06994939595460892,"104":-0.18964558839797974,"105":0.13645796477794647,"106":0.042191337794065475,"107":0.04625851660966873,"108":0.016101351007819176,"109":0.02626670151948929,"110":-0.21114704012870789,"111":-0.07524994760751724,"112":0.11988218128681183,"113":-0.28627341985702515,"114":0.13679303228855133,"115":0.16457830369472504,"116":0.0070477635599672794,"117":0.14359907805919647,"118":0.04202834889292717,"119":0.08138886839151382,"120":-0.060659218579530716,"121":-0.02458460070192814,"122":-0.184181347489357,"123":0.029278598725795746,"124":0.03709079697728157,"125":-0.0189090333878994,"126":0.0587095208466053,"127":0.018032724037766457}